/* 강의실 삽입문*/

INSERT INTO FACILITY (FC_CODE, FC_NAME, FC_LOCATION, FC_CAPACITY, FC_AVA)
VALUES ('FC05', '강의실2', '서울시 강남구', 50, 'Y');

INSERT INTO FACILITY (FC_CODE, FC_NAME, FC_LOCATION, FC_CAPACITY, FC_AVA)
VALUES ('FC06', '강의실2', '서울시 강남구', 50, 'Y');
INSERT INTO FACILITY (FC_CODE, FC_NAME, FC_LOCATION, FC_CAPACITY, FC_AVA)
VALUES ('FC07', '강의실2', '서울시 강남구', 50, 'Y');
INSERT INTO FACILITY (FC_CODE, FC_NAME, FC_LOCATION, FC_CAPACITY, FC_AVA)
VALUES ('FC08', '강의실2', '서울시 강남구', 50, 'Y');
INSERT INTO FACILITY (FC_CODE, FC_NAME, FC_LOCATION, FC_CAPACITY, FC_AVA)
VALUES ('FC09', '강의실4', '서울시 강남구', 50, 'Y');
INSERT INTO FACILITY (FC_CODE, FC_NAME, FC_LOCATION, FC_CAPACITY, FC_AVA)
VALUES ('FC10', '강의실4', '서울시 강남구', 50, 'Y');
INSERT INTO FACILITY (FC_CODE, FC_NAME, FC_LOCATION, FC_CAPACITY, FC_AVA)
VALUES ('FC11', '강의실3', '서울시 강남구', 50, 'Y');
INSERT INTO FACILITY (FC_CODE, FC_NAME, FC_LOCATION, FC_CAPACITY, FC_AVA)
VALUES ('FC12', '강의실4', '서울시 강남구', 50, 'Y');
INSERT INTO FACILITY (FC_CODE, FC_NAME, FC_LOCATION, FC_CAPACITY, FC_AVA)
VALUES ('FC13', '강의실4', '서울시 강남구', 50, 'Y');
INSERT INTO FACILITY (FC_CODE, FC_NAME, FC_LOCATION, FC_CAPACITY, FC_AVA)
VALUES ('FC14', '강의실3', '서울시 강남구', 50, 'Y');
INSERT INTO FACILITY (FC_CODE, FC_NAME, FC_LOCATION, FC_CAPACITY, FC_AVA)
VALUES ('FC15', '강의실4', '서울시 강남구', 50, 'Y');
INSERT INTO FACILITY (FC_CODE, FC_NAME, FC_LOCATION, FC_CAPACITY, FC_AVA)
VALUES ('FC16', '강의실4', '서울시 강남구', 50, 'Y');



/* 코치 데이터 삽입 문*/

INSERT INTO COACH VALUES('CH01','최영근','010-2348-1247');

INSERT INTO COACH VALUES('CH06','김철수','010-2348-1247');

INSERT INTO COACH VALUES('CH12', '김철수', '010-2348-1247');

INSERT INTO COACH VALUES('CH07', '이영희', '010-3487-4893');

INSERT INTO COACH VALUES('CH08', '박지민', '010-7564-3892');

INSERT INTO COACH VALUES('CH09', '최덕근', '010-8635-4926');

INSERT INTO COACH VALUES('CH10', '서연지', '010-5432-9876');

INSERT INTO COACH VALUES('CH11', '황민석', '010-2719-8541');

INSERT INTO COACH VALUES('CH12', '장성민', '010-8219-4735');

INSERT INTO COACH VALUES('CH13', '윤슬기', '010-9361-2745');

INSERT INTO COACH VALUES('CH14', '김민호', '010-4892-1378');

INSERT INTO COACH VALUES('CH15', '박지원', '010-7153-8569');

INSERT INTO COACH VALUES('CH30', '홍난리', '010-4459-3481');


/* enrollment 테이블 삽입문*/
INSERT INTO ENROLLMENT (ERM_CODE, FC_CODE, ERM_AVA, PG_CODE, MB_CODE) VALUES ('ER05', 'FC05', 'Y', 'PG05', 1);
INSERT INTO ENROLLMENT (ERM_CODE, FC_CODE, ERM_AVA, PG_CODE, MB_CODE) VALUES ('ER06', 'FC06', 'Y', 'PG06', 1);
INSERT INTO ENROLLMENT (ERM_CODE, FC_CODE, ERM_AVA, PG_CODE, MB_CODE) VALUES ('ER07', 'FC07', 'Y', 'PG07', 1);
INSERT INTO ENROLLMENT (ERM_CODE, FC_CODE, ERM_AVA, PG_CODE, MB_CODE) VALUES ('ER08', 'FC08', 'Y', 'PG08', 1);
INSERT INTO ENROLLMENT (ERM_CODE, FC_CODE, ERM_AVA, PG_CODE, MB_CODE) VALUES ('ER09', 'FC09', 'Y', 'PG09', 1);
INSERT INTO ENROLLMENT (ERM_CODE, FC_CODE, ERM_AVA, PG_CODE, MB_CODE) VALUES ('ER10', 'FC10', 'Y', 'PG10', 1);
INSERT INTO ENROLLMENT (ERM_CODE, FC_CODE, ERM_AVA, PG_CODE, MB_CODE) VALUES ('ER11', 'FC11', 'Y', 'PG11', 1);
INSERT INTO ENROLLMENT (ERM_CODE, FC_CODE, ERM_AVA, PG_CODE, MB_CODE) VALUES ('ER12', 'FC12', 'N', 'PG12', 1);
INSERT INTO ENROLLMENT (ERM_CODE, FC_CODE, ERM_AVA, PG_CODE, MB_CODE) VALUES ('ER13', 'FC13', 'N', 'PG13', 1);
INSERT INTO ENROLLMENT (ERM_CODE, FC_CODE, ERM_AVA, PG_CODE, MB_CODE) VALUES ('ER14', 'FC14', 'N', 'PG14', 1);
INSERT INTO ENROLLMENT (ERM_CODE, FC_CODE, ERM_AVA, PG_CODE, MB_CODE) VALUES ('ER15', 'FC14', 'N', 'PG15', 1);
INSERT INTO ENROLLMENT (ERM_CODE, FC_CODE, ERM_AVA, PG_CODE, MB_CODE) VALUES ('ER16', 'FC14', 'N', 'PG16', 1);
INSERT INTO ENROLLMENT (ERM_CODE, FC_CODE, ERM_AVA, PG_CODE, MB_CODE) VALUES ('ER17', 'FC14', 'N', 'PG17', 1);
INSERT INTO ENROLLMENT (ERM_CODE, FC_CODE, ERM_AVA, PG_CODE, MB_CODE) VALUES ('ER18', 'FC14', 'N', 'PG18', 1);
INSERT INTO ENROLLMENT (ERM_CODE, FC_CODE, ERM_AVA, PG_CODE, MB_CODE) VALUES ('ER19', 'FC14', 'N', 'PG19', 1);
INSERT INTO ENROLLMENT (ERM_CODE, FC_CODE, ERM_AVA, PG_CODE, MB_CODE) VALUES ('ER20', 'FC14', 'N', 'PG20', 1);
INSERT INTO ENROLLMENT (ERM_CODE, FC_CODE, ERM_AVA, PG_CODE, MB_CODE) VALUES ('ER21', 'FC14', 'N', 'PG21', 1);
INSERT INTO ENROLLMENT (ERM_CODE, FC_CODE, ERM_AVA, PG_CODE, MB_CODE) VALUES ('ER22', 'FC14', 'N', 'PG22', 1);
INSERT INTO ENROLLMENT (ERM_CODE, FC_CODE, ERM_AVA, PG_CODE, MB_CODE) VALUES ('ER23', 'FC14', 'N', 'PG23', 1);


/*프로그램 데이터 삽입문*/


INSERT INTO PROGRAM VALUES('PG05', '배드민턴', '14:00-17:00', '화요일', 130000, 15, 6, 'FC05', 'CH01', 1);

INSERT INTO PROGRAM 
VALUES ('PG06', '요가', '07:00-08:30', '수요일', 140000, 12, 4, 'FC06', 'CH01', 1);

INSERT INTO PROGRAM 
VALUES ('PG07', '필라테스', '16:00-18:30', '목요일', 90000, 10, 5, 'FC07', 'CH01', 1);

INSERT INTO PROGRAM 
VALUES ('PG08', '필라테스', '19:00-21:00', '금요일', 110000, 20, 8, 'FC08', 'CH01', 1);

INSERT INTO PROGRAM 
VALUES ('PG09', '요가', '08:00-10:00', '토요일', 160000, 10, 3, 'FC09', 'CH01', 1);

INSERT INTO PROGRAM
VALUES ('PG10', '탁구', '10:30-12:30', '월요일', 90000, 8, 3, 'FC10', 'CH01', 1);

INSERT INTO PROGRAM 
VALUES ('PG11', '헬스', '16:00-18:00', '화요일', 110000, 25, 8, 'FC11', 'CH01', 1);

INSERT INTO PROGRAM 
VALUES ('PG12', '수영', '20:00-22:00', '수요일', 180000, 14, 6, 'FC12', 'CH01', 1);

INSERT INTO PROGRAM 
VALUES ('PG13', '탁구', '17:30-19:30', '목요일', 110000, 12, 4, 'FC13', 'CH01', 1);

INSERT INTO PROGRAM 
VALUES ('PG14', '수영', '19:00-20:00', '금요일', 130000, 15, 7, 'FC14', 'CH01', 1);

INSERT INTO PROGRAM 
VALUES ('PG16', '수영', '07:30-09:00', '목요일', 120000, 15, 2, 'FC16', 'CH01', 1);

INSERT INTO PROGRAM 
VALUES ('PG17', '수영', '07:30-09:00', '목요일', 120000, 15, 2, 'FC16', 'CH01', 1);

INSERT INTO PROGRAM 
VALUES ('PG18', '수영', '07:30-09:00', '목요일', 120000, 15, 2, 'FC16', 'CH01', 1);

INSERT INTO PROGRAM 
VALUES ('PG19', '수영', '07:30-09:00', '목요일', 120000, 15, 2, 'FC16', 'CH01', 1);

INSERT INTO PROGRAM 
VALUES ('PG20', '수영', '07:30-09:00', '목요일', 120000, 15, 2, 'FC16', 'CH01', 1);

INSERT INTO PROGRAM 
VALUES ('PG21', '수영', '07:30-09:00', '목요일', 120000, 15, 2, 'FC16', 'CH01', 1);

INSERT INTO PROGRAM 
VALUES ('PG22', '수영', '07:30-09:00', '목요일', 120000, 15, 2, 'FC16', 'CH01', 1);

INSERT INTO PROGRAM 
VALUES ('PG23', '수영', '07:30-09:00', '목요일', 120000, 15, 2, 'FC16', 'CH01', 1);

INSERT INTO PROGRAM 
VALUES ('PG24', '수영', '07:30-09:00', '목요일', 120000, 15, 2, 'FC16', 'CH01', 1);

INSERT INTO PROGRAM 
VALUES ('PG25', '수영', '07:30-09:00', '목요일', 120000, 15, 2, 'FC16', 'CH01', 1);

INSERT INTO PROGRAM 
VALUES ('PG26', '수영', '07:30-09:00', '목요일', 120000, 15, 2, 'FC16', 'CH01', 1);

INSERT INTO PROGRAM 
VALUES ('PG27', '수영', '07:30-09:00', '목요일', 120000, 15, 2, 'FC16', 'CH01', 1);

INSERT INTO PROGRAM 
VALUES ('PG28', '수영', '07:30-09:00', '목요일', 120000, 15, 2, 'FC16', 'CH01', 1);

INSERT INTO PROGRAM 
VALUES ('PG29', '수영', '07:30-09:00', '목요일', 120000, 15, 2, 'FC16', 'CH01', 1);

INSERT INTO PROGRAM 
VALUES ('PG30', '수영', '07:30-09:00', '목요일', 120000, 15, 2, 'FC16', 'CH01', 1);

-- COACH 테이블에 값 추가
INSERT INTO COACH (CH_CODE, CH_NAME, CH_PHONE) VALUES ('CH03', '김코치', '010-1234-5678');

-- FACILITY 테이블에 값 추가
INSERT INTO FACILITY (FC_CODE, FC_NAME, FC_LOCATION, FC_CAPACITY, FC_AVA) VALUES ('FC03', '강의실3', '서울시 강남구', 100, 'Y');

-- MEMBER 테이블에 값 추가
INSERT INTO MEMBER (MB_CODE, MB_ID, MB_PWD, MB_NAME, MB_SSN, MB_PHONE, MB_ADDRESS1, MB_ADDRESS2, MB_EMAIL, MB_STATUS, JOIN_DATE, QUIT_DATE, MG_ONF) VALUES (SEQ_MB_NO.NEXTVAL, 'user01', 'password', '홍길동', '123456-1234567', '010-5678-1234', '서울시 송파구', '올림픽로 123', 'hong@gmail.com', 'Y', SYSDATE, NULL, 'N');

INSERT INTO MEMBER (MB_CODE, MB_ID, MB_PWD, MB_NAME, MB_SSN, MB_PHONE, MB_ADDRESS1, MB_ADDRESS2, MB_EMAIL, MB_STATUS, JOIN_DATE, QUIT_DATE, MG_ONF) VALUES (SEQ_MB_NO.NEXTVAL, 'admin', '1234', '관리자', '123456-1234567', '010-5678-1234', '서울시 송파구', '올림픽로 123', 'hong@gmail.com', 'Y', SYSDATE, NULL, 'N');

-- PROGRAM 테이블에 값 추가
INSERT INTO PROGRAM (PG_CODE, PG_TITLE, PG_TIME, PG_DATE, PG_FEE, PG_MAX, PG_NUM, FC_CODE, CH_CODE, MB_CODE) VALUES ('PG03', '수영 초급반', '14:00~16:00', '월, 수, 금', 100000, 20, 5, 'FC0001', 'CH0001', 3);

-- PROGRAM_MEMBER_INFO 테이블에 값 추가
INSERT INTO PROGRAM_MEMBER_INFO (MB_CODE, PG_CODE, START_DATE, END_DATE, PAYMENT_ID, MB_ID) VALUES (1, 'PG03', TO_DATE('2023-08-14', 'YYYY-MM-DD'), TO_DATE('2023-09-14', 'YYYY-MM-DD'), 'PA0001', 'user03');

-- ENROLLMENT 테이블에 값 추가
INSERT INTO ENROLLMENT (ERM_CODE, FC_CODE, ERM_AVA, PG_CODE, MB_CODE) VALUES ('ERM03', 'FC02', 'Y', 'PG0001', 1);

-- PAYMENT 테이블에 값 추가
INSERT INTO PAYMENT (PAYMENT_ID, PG_CODE, PAYMENT_DATE, AMOUNT, MB_CODE) VALUES ('PA0001', 'PG0001', SYSDATE, 100000, 1);

-- BOARD 테이블에 값 추가
INSERT INTO BOARD (B_ID, B_CONTENT, B_DATE, B_VALUE) VALUES ('B03', '자유게시판', SYSDATE, 'Free Board');

-- POST 테이블에 값 추가
INSERT INTO POST (P_NO, B_ID, P_WRITER, P_TITLE, P_CONTENT, P_ORG_FILENAME, P_RND_FILENAME, P_RDCOUNT, P_STATUS, P_CREATE_DATE, P_MODIFY_DATE, MB_CODE) VALUES (1, 'B0001', '홍길동', '첫 게시물입니다.', '안녕하세요! 방금 가입했습니다.', 'sample.txt', 'sample.txt', 0, 'Y', SYSDATE, SYSDATE, 1);

-- PROGRAM_MEMBER_MANAGEMENT 테이블에 값 추가
INSERT INTO PROGRAM_MEMBER_MANAGEMENT (MB_CODE, PG_CODE2) VALUES (1, 'PG0001');

INSERT INTO PROGRAM (PG_CODE, PG_TITLE, PG_TIME, PG_DATE, PG_FEE, PG_MAX, PG_NUM, FC_CODE, CH_CODE, MB_CODE)
VALUES ('PG01', '필레테스', '09:00-18:00', '월요일', 120000, 30, 15, 'FC01', 'CH01', SEQ_MB_NO.CURRVAL);

INSERT INTO PROGRAM (PG_CODE, PG_TITLE, PG_TIME, PG_DATE, PG_FEE, PG_MAX, PG_NUM, FC_CODE, CH_CODE, MB_CODE)
VALUES ('PG01', '필라테스', '09:00-18:00', '월요일', 120000, 30, 15, 'FC01', 'CH01', SEQ_MB_NO.CURRVAL.NEXTVAL);

INSERT INTO FACILITY (FC_CODE, FC_NAME, FC_LOCATION, FC_CAPACITY, FC_AVA)
VALUES ('FC01', '강의실3', '서울특별시 연남동', 50, 'Y');

INSERT INTO COACH (CH_CODE, CH_NAME, CH_PHONE)
VALUES ('CH01', '김요가', '010-1234-5578');

INSERT INTO ENROLLMENT (ERM_CODE, FC_CODE, ERM_AVA, PG_CODE, MB_CODE)
VALUES ('ER01', 'FC01', 'Y', 'PG01', SEQ_MB_NO.CURRVAL);


// 게시판 3개 등록
INSERT INTO BOARD VALUES('notice','공지사항게시판',DEFAULT,NULL);
INSERT INTO BOARD VALUES('faq','자주묻는질문게시판',DEFAULT,NULL);
INSERT INTO BOARD VALUES('question','1:1문의게시판',DEFAULT,NULL);


// 공지사항 게시판에 게시글 추가
INSERT INTO POST VALUES(SEQ_POST_NO.NEXTVAL,'notice',2,'게시글1','게시글내용1',NULL,NULL,NULL,0,DEFAULT,DEFAULT,DEFAULT);
INSERT INTO POST VALUES(SEQ_POST_NO.NEXTVAL,'notice',2,'게시글2','게시글내용2',NULL,NULL,NULL,0,DEFAULT,DEFAULT,DEFAULT);
INSERT INTO POST VALUES(SEQ_POST_NO.NEXTVAL,'notice',2,'게시글3','게시글내용3',NULL,NULL,NULL,0,DEFAULT,DEFAULT,DEFAULT);
INSERT INTO POST VALUES(SEQ_POST_NO.NEXTVAL,'notice',2,'게시글4','게시글내용4',NULL,NULL,NULL,0,DEFAULT,DEFAULT,DEFAULT);
INSERT INTO POST VALUES(SEQ_POST_NO.NEXTVAL,'notice',2,'게시글5','게시글내용5',NULL,NULL,NULL,0,DEFAULT,DEFAULT,DEFAULT);
INSERT INTO POST VALUES(SEQ_POST_NO.NEXTVAL,'notice',2,'게시글6','게시글내용6',NULL,NULL,NULL,0,DEFAULT,DEFAULT,DEFAULT);
INSERT INTO POST VALUES(SEQ_POST_NO.NEXTVAL,'notice',2,'게시글7','게시글내용7',NULL,NULL,NULL,0,DEFAULT,DEFAULT,DEFAULT);
INSERT INTO POST VALUES(SEQ_POST_NO.NEXTVAL,'notice',2,'게시글8','게시글내용8',NULL,NULL,NULL,0,DEFAULT,DEFAULT,DEFAULT);
INSERT INTO POST VALUES(SEQ_POST_NO.NEXTVAL,'notice',2,'게시글9','게시글내용9',NULL,NULL,NULL,0,DEFAULT,DEFAULT,DEFAULT);
INSERT INTO POST VALUES(SEQ_POST_NO.NEXTVAL,'notice',2,'게시글10','게시글내용10',NULL,NULL,NULL,0,DEFAULT,DEFAULT,DEFAULT);
INSERT INTO POST VALUES(SEQ_POST_NO.NEXTVAL,'notice',2,'게시글11','게시글내용11',NULL,NULL,NULL,0,DEFAULT,DEFAULT,DEFAULT);
INSERT INTO POST VALUES(SEQ_POST_NO.NEXTVAL,'notice',2,'게시글12','게시글내용12',NULL,NULL,NULL,0,DEFAULT,DEFAULT,DEFAULT);
INSERT INTO POST VALUES(SEQ_POST_NO.NEXTVAL,'notice',2,'게시글13','게시글내용13',NULL,NULL,NULL,0,DEFAULT,DEFAULT,DEFAULT);
INSERT INTO POST VALUES(SEQ_POST_NO.NEXTVAL,'notice',2,'게시글14','게시글내용14',NULL,NULL,NULL,0,DEFAULT,DEFAULT,DEFAULT);
INSERT INTO POST VALUES(SEQ_POST_NO.NEXTVAL,'notice',2,'게시글15','게시글내용15',NULL,NULL,NULL,0,DEFAULT,DEFAULT,DEFAULT);
INSERT INTO POST VALUES(SEQ_POST_NO.NEXTVAL,'notice',2,'게시글16','게시글내용16',NULL,NULL,NULL,0,DEFAULT,DEFAULT,DEFAULT);
INSERT INTO POST VALUES(SEQ_POST_NO.NEXTVAL,'notice',2,'게시글17','게시글내용17',NULL,NULL,NULL,0,DEFAULT,DEFAULT,DEFAULT);
INSERT INTO POST VALUES(SEQ_POST_NO.NEXTVAL,'notice',2,'게시글18','게시글내용18',NULL,NULL,NULL,0,DEFAULT,DEFAULT,DEFAULT);
INSERT INTO POST VALUES(SEQ_POST_NO.NEXTVAL,'notice',2,'게시글19','게시글내용19',NULL,NULL,NULL,0,DEFAULT,DEFAULT,DEFAULT);
INSERT INTO POST VALUES(SEQ_POST_NO.NEXTVAL,'notice',2,'게시글20','게시글내용20',NULL,NULL,NULL,0,DEFAULT,DEFAULT,DEFAULT);
INSERT INTO POST VALUES(SEQ_POST_NO.NEXTVAL,'notice',2,'게시글21','게시글내용21',NULL,NULL,NULL,0,DEFAULT,DEFAULT,DEFAULT);

// faq 게시판에 게시글 추가 
INSERT INTO POST VALUES(SEQ_POST_NO.NEXTVAL,'faq',2,'자주하는질문1','자주하는질문내용1', '답변1',NULL,NULL,0,DEFAULT,DEFAULT,DEFAULT);
INSERT INTO POST VALUES(SEQ_POST_NO.NEXTVAL,'faq',2,'자주하는질문2','자주하는질문내용2', '답변2',NULL,NULL,0,DEFAULT,DEFAULT,DEFAULT);
INSERT INTO POST VALUES(SEQ_POST_NO.NEXTVAL,'faq',2,'자주하는질문3','자주하는질문내용3', '답변3',NULL,NULL,0,DEFAULT,DEFAULT,DEFAULT);

// 1:1 문의 게시판에 게시글 추가 
INSERT INTO POST VALUES(SEQ_POST_NO.NEXTVAL,'question',1,'question게시글1','게시글내용1',NULL,NULL,NULL,0,DEFAULT,DEFAULT,DEFAULT);

// 답글 추가
INSERT INTO REPLY VALUES(SEQ_REPLY_NO.NEXTVAL, 'question', 1, 1, '1번 문의글 답변', DEFAULT, DEFAULT, DEFAULT);

commit;